{
  "schema_version": "uav_openvla_jsonl_v0.1",
  "inputs": {
    "data/offline/splits/traveluav_offline_supervised_train.jsonl": 298304
  },
  "row_count": 298304,
  "per_map": {
    "BrushifyCountryRoads": {
      "rows": 18454,
      "episodes": 291
    },
    "BrushifyUrban": {
      "rows": 23415,
      "episodes": 401
    },
    "Carla_Town01": {
      "rows": 40772,
      "episodes": 860
    },
    "Carla_Town02": {
      "rows": 17213,
      "episodes": 526
    },
    "Carla_Town03": {
      "rows": 25457,
      "episodes": 512
    },
    "Carla_Town04": {
      "rows": 31030,
      "episodes": 588
    },
    "Carla_Town05": {
      "rows": 23735,
      "episodes": 465
    },
    "Carla_Town06": {
      "rows": 18370,
      "episodes": 350
    },
    "Carla_Town07": {
      "rows": 16010,
      "episodes": 398
    },
    "Carla_Town10HD": {
      "rows": 41888,
      "episodes": 898
    },
    "Carla_Town15": {
      "rows": 41960,
      "episodes": 678
    }
  },
  "dt": {
    "count": 298304,
    "min": 0.54001152,
    "max": 5.679121152,
    "mean": 2.653977110510191,
    "std": 1.9436568706289803,
    "median": 1.0,
    "q01": 1.0,
    "q05": 1.0,
    "q95": 4.99510656,
    "q99": 4.998106624
  },
  "dt_sources": {
    "fallback_arg": 171805,
    "timestamp": 126499
  },
  "state": {
    "names": [
      "x",
      "y",
      "z",
      "yaw"
    ],
    "by_dimension": {
      "x": {
        "count": 298304,
        "min": -2456.50634765625,
        "max": 1060.57373046875,
        "mean": -18.905053307846526,
        "std": 414.245949944548,
        "median": 35.19264602661133,
        "q01": -2013.2227575683594,
        "q05": -688.2131896972655,
        "q95": 575.2671722412108,
        "q99": 894.2866552734362
      },
      "y": {
        "count": 298304,
        "min": -1783.636474609375,
        "max": 895.2840576171875,
        "mean": -9.218444023294397,
        "std": 349.82276865430384,
        "median": 40.09488296508789,
        "q01": -1355.4394140625,
        "q05": -691.9811096191405,
        "q95": 430.07222137451106,
        "q99": 729.8625329589839
      },
      "z": {
        "count": 298304,
        "min": -366.0513000488281,
        "max": 13.327319145202637,
        "mean": -44.1944408721605,
        "std": 55.44835288893365,
        "median": -17.644956588745117,
        "q01": -188.91543029785157,
        "q05": -167.6708641052246,
        "q95": -1.9531863212585456,
        "q99": -0.13045633569360648
      },
      "yaw": {
        "count": 298304,
        "min": -3.1415926535660867,
        "max": 3.141592653560866,
        "mean": 0.030553939216945568,
        "std": 1.8103936693962572,
        "median": 0.013135829782288905,
        "q01": -3.1144321618152118,
        "q05": -2.9070234270657487,
        "q95": 2.8971949693518475,
        "q99": 3.114376956460165
      }
    },
    "normalization": {
      "mean": [
        -18.905053307846526,
        -9.218444023294397,
        -44.1944408721605,
        0.030553939216945568
      ],
      "std": [
        414.245949944548,
        349.82276865430384,
        55.44835288893365,
        1.8103936693962572
      ],
      "min": [
        -2456.50634765625,
        -1783.636474609375,
        -366.0513000488281,
        -3.1415926535660867
      ],
      "max": [
        1060.57373046875,
        895.2840576171875,
        13.327319145202637,
        3.141592653560866
      ]
    }
  },
  "action": {
    "names": [
      "vx",
      "vy",
      "vz",
      "yaw_rate"
    ],
    "by_dimension": {
      "vx": {
        "count": 298304,
        "min": -25.47807502746582,
        "max": 17.7103271484375,
        "mean": 0.030983938966805485,
        "std": 2.5383467891622913,
        "median": 0.017993226209650798,
        "q01": -4.90673828125,
        "q05": -4.670490646362305,
        "q95": 4.688408279418943,
        "q99": 4.9130859375
      },
      "vy": {
        "count": 298304,
        "min": -17.254425048828125,
        "max": 14.933551788330078,
        "mean": 0.033613208537051145,
        "std": 2.4182272217504934,
        "median": 0.004114556122228379,
        "q01": -4.9033355712890625,
        "q05": -4.614692687988281,
        "q95": 4.608294677734371,
        "q99": 4.9033355712890625
      },
      "vz": {
        "count": 298304,
        "min": -4.99151611328125,
        "max": 21.363218307495117,
        "mean": -0.03417930897020924,
        "std": 1.1514942832537325,
        "median": 0.00023542767245509881,
        "q01": -4.795459570884705,
        "q05": -1.4281389731913805,
        "q95": 1.0015030612592386,
        "q99": 4.646630969047536
      },
      "yaw_rate": {
        "count": 298304,
        "min": -3.1414896711594213,
        "max": 3.1415293309385186,
        "mean": -0.0014431375014761286,
        "std": 0.2809096015174054,
        "median": -1.805672748015814e-09,
        "q01": -0.7613093284155384,
        "q05": -0.09690313159694734,
        "q95": 0.09131554032943458,
        "q99": 0.7007383748409218
      }
    },
    "normalization": {
      "mean": [
        0.030983938966805485,
        0.033613208537051145,
        -0.03417930897020924,
        -0.0014431375014761286
      ],
      "std": [
        2.5383467891622913,
        2.4182272217504934,
        1.1514942832537325,
        0.2809096015174054
      ],
      "min": [
        -25.47807502746582,
        -17.254425048828125,
        -4.99151611328125,
        -3.1414896711594213
      ],
      "max": [
        17.7103271484375,
        14.933551788330078,
        21.363218307495117,
        3.1415293309385186
      ]
    }
  },
  "action_chunk_lengths": {
    "8": 298304
  },
  "instruction_length": {
    "count": 298304,
    "min": 192.0,
    "max": 561.0,
    "mean": 343.70271602124006,
    "std": 54.9852710610323,
    "median": 339.0,
    "q01": 237.0,
    "q05": 262.0,
    "q95": 442.0,
    "q99": 492.0
  }
}
