{
  "schema_version": "uav_openvla_jsonl_v0.1",
  "inputs": {
    "data/offline/traveluav_offline_supervised_allmaps_1000ep.jsonl": 330202
  },
  "row_count": 330202,
  "per_map": {
    "BrushifyCountryRoads": {
      "rows": 20031,
      "episodes": 320
    },
    "BrushifyUrban": {
      "rows": 26532,
      "episodes": 456
    },
    "Carla_Town01": {
      "rows": 45379,
      "episodes": 954
    },
    "Carla_Town02": {
      "rows": 19431,
      "episodes": 601
    },
    "Carla_Town03": {
      "rows": 27721,
      "episodes": 562
    },
    "Carla_Town04": {
      "rows": 34539,
      "episodes": 652
    },
    "Carla_Town05": {
      "rows": 25591,
      "episodes": 506
    },
    "Carla_Town06": {
      "rows": 20151,
      "episodes": 385
    },
    "Carla_Town07": {
      "rows": 17768,
      "episodes": 446
    },
    "Carla_Town10HD": {
      "rows": 47148,
      "episodes": 1000
    },
    "Carla_Town15": {
      "rows": 45911,
      "episodes": 749
    }
  },
  "dt": {
    "count": 330202,
    "min": 0.54001152,
    "max": 5.679121152,
    "mean": 2.649161978376097,
    "std": 1.9428709392600274,
    "median": 1.0,
    "q01": 1.0,
    "q05": 1.0,
    "q95": 4.99510656,
    "q99": 4.998106624
  },
  "dt_sources": {
    "fallback_arg": 190576,
    "timestamp": 139626
  },
  "state": {
    "names": [
      "x",
      "y",
      "z",
      "yaw"
    ],
    "by_dimension": {
      "x": {
        "count": 330202,
        "min": -2456.50634765625,
        "max": 1060.57373046875,
        "mean": -20.49762206897943,
        "std": 412.6541728358147,
        "median": 35.29471206665039,
        "q01": -2007.7748986816405,
        "q05": -690.6290405273437,
        "q95": 554.3779785156249,
        "q99": 889.3765289306633
      },
      "y": {
        "count": 330202,
        "min": -1783.636474609375,
        "max": 895.2840576171875,
        "mean": -8.9138846716754,
        "std": 347.3266556656686,
        "median": 40.447532653808594,
        "q01": -1346.2867468261718,
        "q05": -683.0452667236328,
        "q95": 425.70581359863286,
        "q99": 726.0455596923827
      },
      "z": {
        "count": 330202,
        "min": -366.0513000488281,
        "max": 13.327319145202637,
        "mean": -43.887085552739876,
        "std": 55.3046526630094,
        "median": -17.493789672851562,
        "q01": -188.9119352722168,
        "q05": -167.1598129272461,
        "q95": -1.950358086824417,
        "q99": -0.06778942897915868
      },
      "yaw": {
        "count": 330202,
        "min": -3.1415926535660867,
        "max": 3.141592653560866,
        "mean": 0.03733448499975936,
        "std": 1.8094184580300012,
        "median": 0.013786370365385853,
        "q01": -3.114873333044414,
        "q05": -2.9079166764251094,
        "q95": 2.9010727539777372,
        "q99": 3.1144282747675653
      }
    },
    "normalization": {
      "mean": [
        -20.49762206897943,
        -8.9138846716754,
        -43.887085552739876,
        0.03733448499975936
      ],
      "std": [
        412.6541728358147,
        347.3266556656686,
        55.3046526630094,
        1.8094184580300012
      ],
      "min": [
        -2456.50634765625,
        -1783.636474609375,
        -366.0513000488281,
        -3.1415926535660867
      ],
      "max": [
        1060.57373046875,
        895.2840576171875,
        13.327319145202637,
        3.141592653560866
      ]
    }
  },
  "action": {
    "names": [
      "vx",
      "vy",
      "vz",
      "yaw_rate"
    ],
    "by_dimension": {
      "vx": {
        "count": 330202,
        "min": -28.998863220214844,
        "max": 17.7103271484375,
        "mean": 0.04956907331952039,
        "std": 2.544490491004062,
        "median": 0.022625829572485316,
        "q01": -4.90652458190918,
        "q05": -4.666259765625,
        "q95": 4.697547531127929,
        "q99": 4.9130859375
      },
      "vy": {
        "count": 330202,
        "min": -17.254425048828125,
        "max": 14.933551788330078,
        "mean": 0.03848436145998086,
        "std": 2.416755808151704,
        "median": 0.004648540178948736,
        "q01": -4.9033355712890625,
        "q05": -4.609752655029297,
        "q95": 4.609277915954591,
        "q99": 4.9033355712890625
      },
      "vz": {
        "count": 330202,
        "min": -4.99151611328125,
        "max": 21.363218307495117,
        "mean": -0.034882607594981636,
        "std": 1.152111724696342,
        "median": 0.0002384185791015625,
        "q01": -4.801052656173706,
        "q05": -1.438289351016283,
        "q95": 1.0003080930173955,
        "q99": 4.638823099136352
      },
      "yaw_rate": {
        "count": 330202,
        "min": -3.1415219680140978,
        "max": 3.1415293309385186,
        "mean": -0.000785809321538779,
        "std": 0.28259369204351903,
        "median": -1.7146381324768446e-09,
        "q01": -0.7664478767288084,
        "q05": -0.09780268002358501,
        "q95": 0.09319971856248037,
        "q99": 0.7278750587324654
      }
    },
    "normalization": {
      "mean": [
        0.04956907331952039,
        0.03848436145998086,
        -0.034882607594981636,
        -0.000785809321538779
      ],
      "std": [
        2.544490491004062,
        2.416755808151704,
        1.152111724696342,
        0.28259369204351903
      ],
      "min": [
        -28.998863220214844,
        -17.254425048828125,
        -4.99151611328125,
        -3.1415219680140978
      ],
      "max": [
        17.7103271484375,
        14.933551788330078,
        21.363218307495117,
        3.1415293309385186
      ]
    }
  },
  "action_chunk_lengths": {
    "8": 330202
  },
  "instruction_length": {
    "count": 330202,
    "min": 192.0,
    "max": 730.0,
    "mean": 343.91109381530094,
    "std": 54.996825184498086,
    "median": 339.0,
    "q01": 237.0,
    "q05": 262.0,
    "q95": 442.0,
    "q99": 489.0
  }
}
