{
  "schema_version": "uav_openvla_jsonl_v0.1",
  "inputs": {
    "data/debug/cloud_BrushifyCountryRoads_debug.jsonl": 60,
    "data/debug/cloud_BrushifyUrban_debug.jsonl": 60,
    "data/debug/cloud_Carla_Town02_debug.jsonl": 54
  },
  "row_count": 174,
  "per_map": {
    "BrushifyCountryRoads": {
      "rows": 60,
      "episodes": 3
    },
    "BrushifyUrban": {
      "rows": 60,
      "episodes": 3
    },
    "Carla_Town02": {
      "rows": 54,
      "episodes": 3
    }
  },
  "dt": {
    "count": 174,
    "min": 4.164088832,
    "max": 5.004106752,
    "mean": 4.96655422675862,
    "std": 0.10911049485215818,
    "median": 4.989106432,
    "q01": 4.35537291264,
    "q05": 4.953105664,
    "q95": 4.998106624,
    "q99": 5.001106688
  },
  "dt_sources": {
    "timestamp": 174
  },
  "state": {
    "names": [
      "x",
      "y",
      "z",
      "yaw"
    ],
    "by_dimension": {
      "x": {
        "count": 174,
        "min": -963.1868286132812,
        "max": 672.5692138671875,
        "mean": -253.31739719434717,
        "std": 487.8500691596089,
        "median": -368.1185760498047,
        "q01": -955.7540118408203,
        "q05": -930.2245117187499,
        "q95": 629.6560821533203,
        "q99": 663.9826397705078
      },
      "y": {
        "count": 174,
        "min": -1774.39404296875,
        "max": 249.96949768066406,
        "mean": -645.3812010315643,
        "std": 754.0263496805277,
        "median": -500.9165344238281,
        "q01": -1774.39404296875,
        "q05": -1774.39404296875,
        "q95": 240.7400329589844,
        "q99": 247.48738342285156
      },
      "z": {
        "count": 174,
        "min": -151.05181884765625,
        "max": -1.7907992601394653,
        "mean": -30.433829955671026,
        "std": 38.556590251937976,
        "median": -8.939420700073242,
        "q01": -151.04588928222654,
        "q05": -126.6768955230713,
        "q95": -1.921121060848236,
        "q99": -1.8168958663940429
      },
      "yaw": {
        "count": 174,
        "min": -3.119737218959457,
        "max": 3.1219505106238037,
        "mean": -0.4095179415783362,
        "std": 1.993158602677007,
        "median": -9.774947527466977e-08,
        "q01": -3.097039402425121,
        "q05": -2.99729668444926,
        "q95": 3.1130495993572715,
        "q99": 3.116532840646758
      }
    },
    "normalization": {
      "mean": [
        -253.31739719434717,
        -645.3812010315643,
        -30.433829955671026,
        -0.4095179415783362
      ],
      "std": [
        487.8500691596089,
        754.0263496805277,
        38.556590251937976,
        1.993158602677007
      ],
      "min": [
        -963.1868286132812,
        -1774.39404296875,
        -151.05181884765625,
        -3.119737218959457
      ],
      "max": [
        672.5692138671875,
        249.96949768066406,
        -1.7907992601394653,
        3.1219505106238037
      ]
    }
  },
  "action": {
    "names": [
      "vx",
      "vy",
      "vz",
      "yaw_rate"
    ],
    "by_dimension": {
      "vx": {
        "count": 174,
        "min": -0.9918001306597126,
        "max": 0.9968862851759164,
        "mean": -0.13566715958563544,
        "std": 0.6995363412683623,
        "median": -0.10945273175757575,
        "q01": -0.9918001306597126,
        "q05": -0.9897826227016185,
        "q95": 0.9968862851759163,
        "q99": 0.9968862851759164
      },
      "vy": {
        "count": 174,
        "min": -0.9918001306597126,
        "max": 0.986713976143509,
        "mean": -0.18310460726690508,
        "std": 0.5618171093169642,
        "median": 0.0,
        "q01": -0.9914008675301906,
        "q05": -0.9855623363521523,
        "q95": 0.9816278216273053,
        "q99": 0.9867139761435091
      },
      "vz": {
        "count": 174,
        "min": -0.9918001306597126,
        "max": 0.011323847645649424,
        "mean": -0.11972598082955935,
        "std": 0.30603431141399057,
        "median": 0.0030083176823516968,
        "q01": -0.9918001306597126,
        "q05": -0.9892570534016107,
        "q95": 0.003178846572627284,
        "q99": 0.011071993759761894
      },
      "yaw_rate": {
        "count": 174,
        "min": -0.5321233302604399,
        "max": 0.5236916080035919,
        "mean": -0.006232022407943826,
        "std": 0.08831146900677601,
        "median": -6.714380112663689e-10,
        "q01": -0.4430040637744278,
        "q05": -0.030602143528740668,
        "q95": 0.03548449963030535,
        "q99": 0.19290901738879718
      }
    },
    "normalization": {
      "mean": [
        -0.13566715958563544,
        -0.18310460726690508,
        -0.11972598082955935,
        -0.006232022407943826
      ],
      "std": [
        0.6995363412683623,
        0.5618171093169642,
        0.30603431141399057,
        0.08831146900677601
      ],
      "min": [
        -0.9918001306597126,
        -0.9918001306597126,
        -0.9918001306597126,
        -0.5321233302604399
      ],
      "max": [
        0.9968862851759164,
        0.986713976143509,
        0.011323847645649424,
        0.5236916080035919
      ]
    }
  },
  "action_chunk_lengths": {
    "8": 174
  },
  "instruction_length": {
    "count": 174,
    "min": 245.0,
    "max": 407.0,
    "mean": 310.0344827586207,
    "std": 48.418303814494486,
    "median": 291.0,
    "q01": 245.0,
    "q05": 245.0,
    "q95": 407.0,
    "q99": 407.0
  }
}
